{
    "fr": {
        "title": "Bienvenue sur notre site",
        "subtitle": "Votre porte d'entrée vers une expérience incroyable",
        "ctaButton": "En savoir plus",
        "featuresTitle": "Nos caractéristiques",
        "feature1Title": "Design moderne",
        "feature1Desc": "Profitez d'un design à la pointe de la technologie.",
        "feature2Title": "Responsive",
        "feature2Desc": "Notre site s'adapte à tous vos appareils.",
        "feature3Title": "Facile à utiliser",
        "feature3Desc": "Une interface intuitive pour une expérience agréable.",
        "aboutTitle": "À propos de nous",
        "aboutDesc": "Nous sommes une équipe passionnée par la création de sites web performants et esthétiques.",
        "footerText": "© 2024 - Tous droits réservés. Mentions légales"
    },
    "en": {
        "title": "Welcome to our site",
        "subtitle": "Your gateway to an amazing experience",
        "ctaButton": "Learn more",
        "featuresTitle": "Our Features",
        "feature1Title": "Modern Design",
        "feature1Desc": "Enjoy cutting-edge design.",
        "feature2Title": "Responsive",
        "feature2Desc": "Our site adapts to all your devices.",
        "feature3Title": "Easy to Use",
        "feature3Desc": "An intuitive interface for a pleasant experience.",
        "aboutTitle": "About Us",
        "aboutDesc": "We are a team passionate about creating high-performance and aesthetic websites.",
        "footerText": "© 2024 - All rights reserved. Legal notices"
    }
}